person_id,entry_time,exit_time,section_A_in,section_A_out
,,,,
1.0,18:20:52.270376,,,
2.0,18:20:52.276373,,18:20:54.173290,18:21:03.353049
3.0,18:20:52.285368,,,
4.0,18:20:52.294362,,,
5.0,18:20:52.304357,,,
6.0,18:20:52.314351,,,
7.0,18:20:52.324345,,,
8.0,18:20:52.334340,18:21:43.717005,,
11.0,18:20:55.289652,,,
13.0,18:21:27.825077,,18:21:28.980418,
16.0,18:21:40.070087,,,
17.0,18:21:40.075084,,18:21:52.613925,
19.0,18:21:45.634910,,,
