person_id,entry_time,exit_time,section_A_in,section_A_out
,,,,
1.0,18:10:12.939196,,,
2.0,18:10:12.947191,,18:10:14.744165,18:10:24.299710
3.0,18:10:12.956186,,,
4.0,18:10:12.966180,,,
5.0,18:10:12.978173,,,
6.0,18:10:12.988168,,,
7.0,18:10:12.999162,,,
8.0,18:10:13.009156,18:11:09.731772,,
11.0,18:10:16.562127,,,
13.0,18:10:47.816285,,18:10:49.363401,
16.0,18:11:05.587139,,,
17.0,18:11:05.593135,,18:11:19.741058,
19.0,18:11:12.184373,,,
